page,query,clicks,impressions,ctr,position
https://studiorethinkibiza.com/,studio rethink ibiza,13,29,0.4482758620689655,1.6551724137931034
https://studiorethinkibiza.com/,interior design ibiza,3,168,0.017857142857142856,21.476190476190474
https://studiorethinkibiza.com/,interioristas en ibiza,2,48,0.041666666666666664,9.8125
https://studiorethinkibiza.com/,diseño de interiores ibiza,1,43,0.023255813953488372,28.837209302325583
https://studiorethinkibiza.com/,ibiza interior design studio,1,87,0.011494252873563218,13.114942528735632
https://studiorethinkibiza.com/,interior design,1,8,0.125,5.75
https://studiorethinkibiza.com/about-us-2/,studio rethink ibiza,1,23,0.043478260869565216,1.4782608695652173
https://studiorethinkibiza.com/,3d mapping ibiza,0,3,0.0,41.0
https://studiorethinkibiza.com/,apartment interior design ibiza,0,8,0.0,18.875
https://studiorethinkibiza.com/,apartment interior designer ibiza,0,16,0.0,19.0
https://studiorethinkibiza.com/,architect ibiza,0,66,0.0,69.95454545454545
https://studiorethinkibiza.com/,architecte d intérieur ibiza,0,46,0.0,10.76086956521739
https://studiorethinkibiza.com/,architects ibiza,0,7,0.0,50.57142857142857
https://studiorethinkibiza.com/,architects in ibiza,0,33,0.0,65.06060606060606
https://studiorethinkibiza.com/,architectural design ibiza,0,6,0.0,45.0
https://studiorethinkibiza.com/,architectural designer ibiza,0,7,0.0,26.0
https://studiorethinkibiza.com/,architectural designs,0,1,0.0,6.0
https://studiorethinkibiza.com/,architectural interior design ibiza,0,8,0.0,17.25
https://studiorethinkibiza.com/,architectural interior designer ibiza,0,14,0.0,18.142857142857142
https://studiorethinkibiza.com/,architecture company ibiza,0,5,0.0,43.0
https://studiorethinkibiza.com/,architecture design house interior ibiza,0,4,0.0,26.0
https://studiorethinkibiza.com/,architecture ibiza,0,4,0.0,51.75
https://studiorethinkibiza.com/,arquitecto ibiza,0,1,0.0,96.0
https://studiorethinkibiza.com/,arquitectura de interiores ibiza,0,32,0.0,23.0
https://studiorethinkibiza.com/,bespoke millwork ibiza,0,24,0.0,40.0
https://studiorethinkibiza.com/,best architect in ibiza,0,1,0.0,69.0
https://studiorethinkibiza.com/,best architectural firm in ibiza,0,2,0.0,61.0
https://studiorethinkibiza.com/,best architure firm in ibiza,0,1,0.0,64.0
https://studiorethinkibiza.com/,best interior designer in ibiza,0,4,0.0,42.25
https://studiorethinkibiza.com/,best interior designing firm in ibiza,0,4,0.0,32.0
https://studiorethinkibiza.com/,binnenhuisarchitect,0,1,0.0,6.0
https://studiorethinkibiza.com/,boutique interior design firms ibiza,0,10,0.0,3.5
https://studiorethinkibiza.com/,branding agency ibiza,0,3,0.0,51.333333333333336
https://studiorethinkibiza.com/,branding ibiza,0,1,0.0,31.0
https://studiorethinkibiza.com/,complete home interior design ibiza,0,9,0.0,34.888888888888886
https://studiorethinkibiza.com/,complete home interior designer ibiza,0,13,0.0,17.615384615384617
https://studiorethinkibiza.com/,condo designer ibiza,0,11,0.0,20.363636363636363
https://studiorethinkibiza.com/,custom joinery ibiza,0,23,0.0,48.0
https://studiorethinkibiza.com/,decorador de interiores,0,1,0.0,7.0
https://studiorethinkibiza.com/,decorador de interiores ibiza,0,39,0.0,12.435897435897436
https://studiorethinkibiza.com/,decorador ibiza,0,48,0.0,12.270833333333334
https://studiorethinkibiza.com/,decoradores de casas,0,1,0.0,5.0
https://studiorethinkibiza.com/,decoradores de casas interiores,0,1,0.0,5.0
https://studiorethinkibiza.com/,decoradores de interiores,0,4,0.0,3.0
https://studiorethinkibiza.com/,decoradores de interiores ibiza,0,32,0.0,16.15625
https://studiorethinkibiza.com/,decoradores en ibiza,0,41,0.0,10.097560975609756
https://studiorethinkibiza.com/,decoradores ibiza,0,10,0.0,2.6
https://studiorethinkibiza.com/,decoração interiores,0,1,0.0,2.0
https://studiorethinkibiza.com/,design agency ibiza,0,119,0.0,13.22689075630252
https://studiorethinkibiza.com/,design build ibiza,0,9,0.0,52.44444444444444
https://studiorethinkibiza.com/,design d intérieur ibiza,0,26,0.0,47.0
https://studiorethinkibiza.com/,design ibiza,0,110,0.0,33.88181818181818
https://studiorethinkibiza.com/,design interior company ibiza,0,10,0.0,13.7
https://studiorethinkibiza.com/,diseno web ibiza,0,1,0.0,92.0
https://studiorethinkibiza.com/,diseñador de interiores,0,2,0.0,8.0
https://studiorethinkibiza.com/,diseñador de interiores en ibiza,0,35,0.0,22.685714285714287
https://studiorethinkibiza.com/,diseñador de interiores ibiza,0,20,0.0,9.2
https://studiorethinkibiza.com/,diseñador grafico ibiza,0,2,0.0,82.5
https://studiorethinkibiza.com/,diseñador ibiza,0,22,0.0,76.18181818181819
https://studiorethinkibiza.com/,diseñador interior,0,1,0.0,10.0
https://studiorethinkibiza.com/,diseñadora gráfica ibiza,0,13,0.0,67.3076923076923
https://studiorethinkibiza.com/,diseñadores de interiores en ibiza,0,29,0.0,18.586206896551722
https://studiorethinkibiza.com/,diseño de interiores,0,2,0.0,11.0
https://studiorethinkibiza.com/,diseño de interiores en ibiza,0,51,0.0,12.901960784313726
https://studiorethinkibiza.com/,diseño de interiores oficinas,0,1,0.0,13.0
https://studiorethinkibiza.com/,diseño en ibiza,0,5,0.0,41.2
https://studiorethinkibiza.com/,diseño grafico ibiza,0,16,0.0,42.6875
https://studiorethinkibiza.com/,diseño gráfico ibiza,0,26,0.0,74.46153846153847
https://studiorethinkibiza.com/,diseño ibiza,0,68,0.0,21.985294117647058
https://studiorethinkibiza.com/,diseño interior,0,1,0.0,1.0
https://studiorethinkibiza.com/,diseño web ibiza,0,2,0.0,79.5
https://studiorethinkibiza.com/,eco friendly renovations in ibiza,0,101,0.0,11.297029702970297
https://studiorethinkibiza.com/,eoa studio interiorismo integral artesanía local ibiza baleares online,0,1,0.0,6.0
https://studiorethinkibiza.com/,especialista en visualización arquitectónica en ibiza,0,22,0.0,17.727272727272727
https://studiorethinkibiza.com/,estudio arquitectos ibiza,0,6,0.0,84.0
https://studiorethinkibiza.com/,estudio arquitectura ibiza,0,23,0.0,73.8695652173913
https://studiorethinkibiza.com/,estudio creativo,0,2,0.0,7.0
https://studiorethinkibiza.com/,estudio creativo ibiza,0,40,0.0,12.675
https://studiorethinkibiza.com/,estudio de arquitectura en ibiza,0,1,0.0,87.0
https://studiorethinkibiza.com/,estudio de arquitectura ibiza,0,6,0.0,66.83333333333333
https://studiorethinkibiza.com/,estudio de arquitectura sostenible en ibiza,0,13,0.0,84.23076923076923
https://studiorethinkibiza.com/,estudio de interiorismo en ibiza,0,9,0.0,17.333333333333332
https://studiorethinkibiza.com/,estudio de interiorismo ibiza,0,39,0.0,8.384615384615385
https://studiorethinkibiza.com/,estudio interiorismo,0,1,0.0,1.0
https://studiorethinkibiza.com/,estudios arquitectura ibiza,0,2,0.0,88.5
https://studiorethinkibiza.com/,home design,0,1,0.0,13.0
https://studiorethinkibiza.com/,home interior design companies ibiza,0,9,0.0,10.333333333333334
https://studiorethinkibiza.com/,hotel interior design companies ibiza,0,9,0.0,1.0
https://studiorethinkibiza.com/,ibiza architect,0,62,0.0,76.7741935483871
https://studiorethinkibiza.com/,ibiza architect and interior designer,0,94,0.0,8.76595744680851
https://studiorethinkibiza.com/,ibiza architects,0,3,0.0,60.666666666666664
https://studiorethinkibiza.com/,ibiza architecture,0,2,0.0,24.5
https://studiorethinkibiza.com/,ibiza architecture studio,0,104,0.0,31.403846153846153
https://studiorethinkibiza.com/,ibiza branding,0,2,0.0,21.0
https://studiorethinkibiza.com/,ibiza design,0,3,0.0,55.333333333333336
https://studiorethinkibiza.com/,ibiza estudios,0,1,0.0,21.0
https://studiorethinkibiza.com/,ibiza interieur,0,1,0.0,7.0
https://studiorethinkibiza.com/,ibiza interior,0,7,0.0,10.0
https://studiorethinkibiza.com/,ibiza interior architect,0,89,0.0,12.235955056179776
https://studiorethinkibiza.com/,ibiza interior design,0,87,0.0,26.942528735632184
https://studiorethinkibiza.com/,ibiza interior design architect,0,99,0.0,9.808080808080808
https://studiorethinkibiza.com/,ibiza interior design company,0,86,0.0,7.546511627906977
https://studiorethinkibiza.com/,ibiza interior designer,0,8,0.0,6.875
https://studiorethinkibiza.com/,ibiza interiors,0,1,0.0,2.0
https://studiorethinkibiza.com/,ibiza landscape architecture studio,0,26,0.0,74.5
https://studiorethinkibiza.com/,ibiza landscape designer,0,11,0.0,74.18181818181819
https://studiorethinkibiza.com/,ibiza print-design,0,41,0.0,45.63414634146341
https://studiorethinkibiza.com/,ibiza web design,0,68,0.0,68.17647058823529
https://studiorethinkibiza.com/,ibiza webdesign,0,13,0.0,74.23076923076923
https://studiorethinkibiza.com/,innendesign ibiza,0,40,0.0,1.625
https://studiorethinkibiza.com/,interieur ibiza,0,4,0.0,21.0
https://studiorethinkibiza.com/,interior,0,1,0.0,13.0
https://studiorethinkibiza.com/,interior design agencies ibiza,0,17,0.0,6.529411764705882
https://studiorethinkibiza.com/,interior design archives naturalhavenhome,0,1,0.0,1.0
https://studiorethinkibiza.com/,interior design balearic islands,0,3,0.0,73.33333333333333
https://studiorethinkibiza.com/,interior design designer ibiza,0,6,0.0,7.666666666666667
https://studiorethinkibiza.com/,interior design firm ibiza,0,15,0.0,12.933333333333334
https://studiorethinkibiza.com/,interior design services ibiza,0,15,0.0,18.066666666666666
https://studiorethinkibiza.com/,interior design studio ibiza,0,1,0.0,1.0
https://studiorethinkibiza.com/,interior designer architect ibiza,0,12,0.0,24.083333333333332
https://studiorethinkibiza.com/,interior designer balearic islands,0,3,0.0,66.0
https://studiorethinkibiza.com/,interior designer balearics,0,4,0.0,66.5
https://studiorethinkibiza.com/,interior designer ibiza,0,49,0.0,26.510204081632654
https://studiorethinkibiza.com/,interior ibiza,0,2,0.0,8.5
https://studiorethinkibiza.com/,interiores,0,1,0.0,13.0
https://studiorethinkibiza.com/,interiorismo en ibiza,0,44,0.0,13.318181818181818
https://studiorethinkibiza.com/,interiorismo ibiza,0,96,0.0,22.3125
https://studiorethinkibiza.com/,interiorista ibiza,0,42,0.0,20.714285714285715
https://studiorethinkibiza.com/,interioristas ibiza,0,106,0.0,13.018867924528301
https://studiorethinkibiza.com/,luxury interior design ibiza,0,8,0.0,32.25
https://studiorethinkibiza.com/,luxury interior designer ibiza,0,17,0.0,19.41176470588235
https://studiorethinkibiza.com/,luxury landscape architecture design studio in ibiza,0,1,0.0,72.0
https://studiorethinkibiza.com/,planungsbüro ibiza,0,4,0.0,44.5
https://studiorethinkibiza.com/,product design service,0,1,0.0,2.0
https://studiorethinkibiza.com/,reforma integral,0,1,0.0,4.0
https://studiorethinkibiza.com/,residential interior design companies ibiza,0,15,0.0,7.6
https://studiorethinkibiza.com/,rethink,0,5,0.0,5.0
https://studiorethinkibiza.com/,rethink studio,0,1,0.0,12.0
https://studiorethinkibiza.com/,screen interior design,0,1,0.0,15.0
https://studiorethinkibiza.com/,studio ibiza,0,7,0.0,55.857142857142854
https://studiorethinkibiza.com/,visualización arquitectónica en ibiza,0,6,0.0,68.5
https://studiorethinkibiza.com/,web design agency ibiza,0,2,0.0,81.5
https://studiorethinkibiza.com/,web design ibiza,0,3,0.0,62.666666666666664
https://studiorethinkibiza.com/,web design in ibiza,0,2,0.0,105.0
https://studiorethinkibiza.com/about-us-2/,bespoke millwork ibiza,0,1,0.0,97.0
https://studiorethinkibiza.com/about-us-2/,estudio creativo ibiza,0,1,0.0,73.0
https://studiorethinkibiza.com/about-us-2/,rethink studio,0,1,0.0,30.0
https://studiorethinkibiza.com/architecture/things-to-know-when-choosing-sofa/,how to choose a sofa,0,1,0.0,100.0
https://studiorethinkibiza.com/contact-us/,bespoke millwork ibiza,0,5,0.0,76.6
https://studiorethinkibiza.com/contact-us/,custom joinery ibiza,0,2,0.0,54.0
https://studiorethinkibiza.com/contact-us/,rethink studio,0,1,0.0,19.0
https://studiorethinkibiza.com/contact-us/,studio rethink ibiza,0,17,0.0,1.8235294117647058
https://studiorethinkibiza.com/interior-design/interior-design-in-ibiza/,apartment interior design ibiza,0,4,0.0,39.75
https://studiorethinkibiza.com/interior-design/interior-design-in-ibiza/,apartment interior designer ibiza,0,5,0.0,67.6
https://studiorethinkibiza.com/interior-design/interior-design-in-ibiza/,architectural interior design ibiza,0,5,0.0,52.8
https://studiorethinkibiza.com/interior-design/interior-design-in-ibiza/,architectural interior designer ibiza,0,8,0.0,51.75
https://studiorethinkibiza.com/interior-design/interior-design-in-ibiza/,best interior designer in ibiza,0,2,0.0,70.0
https://studiorethinkibiza.com/interior-design/interior-design-in-ibiza/,best interior designing firm in ibiza,0,3,0.0,50.666666666666664
https://studiorethinkibiza.com/interior-design/interior-design-in-ibiza/,boutique interior design firms ibiza,0,6,0.0,28.5
https://studiorethinkibiza.com/interior-design/interior-design-in-ibiza/,complete home interior design ibiza,0,7,0.0,34.714285714285715
https://studiorethinkibiza.com/interior-design/interior-design-in-ibiza/,complete home interior designer ibiza,0,9,0.0,45.111111111111114
https://studiorethinkibiza.com/interior-design/interior-design-in-ibiza/,design d intérieur ibiza,0,2,0.0,54.5
https://studiorethinkibiza.com/interior-design/interior-design-in-ibiza/,design ibiza,0,2,0.0,84.0
https://studiorethinkibiza.com/interior-design/interior-design-in-ibiza/,design interior company ibiza,0,6,0.0,50.5
https://studiorethinkibiza.com/interior-design/interior-design-in-ibiza/,diseño de interiores en ibiza,0,14,0.0,93.42857142857143
https://studiorethinkibiza.com/interior-design/interior-design-in-ibiza/,diseño de interiores ibiza,0,13,0.0,94.76923076923077
https://studiorethinkibiza.com/interior-design/interior-design-in-ibiza/,diseño en ibiza,0,1,0.0,94.0
https://studiorethinkibiza.com/interior-design/interior-design-in-ibiza/,estudio creativo ibiza,0,13,0.0,76.61538461538461
https://studiorethinkibiza.com/interior-design/interior-design-in-ibiza/,estudio de interiorismo en ibiza,0,4,0.0,86.0
https://studiorethinkibiza.com/interior-design/interior-design-in-ibiza/,estudio de interiorismo ibiza,0,1,0.0,88.0
https://studiorethinkibiza.com/interior-design/interior-design-in-ibiza/,home interior design companies ibiza,0,6,0.0,42.833333333333336
https://studiorethinkibiza.com/interior-design/interior-design-in-ibiza/,hotel interior design companies ibiza,0,6,0.0,30.333333333333332
https://studiorethinkibiza.com/interior-design/interior-design-in-ibiza/,ibiza architect and interior designer,0,38,0.0,62.55263157894737
https://studiorethinkibiza.com/interior-design/interior-design-in-ibiza/,ibiza interior architect,0,32,0.0,60.03125
https://studiorethinkibiza.com/interior-design/interior-design-in-ibiza/,ibiza interior design,0,78,0.0,60.15384615384615
https://studiorethinkibiza.com/interior-design/interior-design-in-ibiza/,ibiza interior design architect,0,32,0.0,61.46875
https://studiorethinkibiza.com/interior-design/interior-design-in-ibiza/,ibiza interior design company,0,38,0.0,50.55263157894737
https://studiorethinkibiza.com/interior-design/interior-design-in-ibiza/,ibiza interior design studio,0,63,0.0,54.36507936507937
https://studiorethinkibiza.com/interior-design/interior-design-in-ibiza/,ibiza interior designer,0,5,0.0,60.2
https://studiorethinkibiza.com/interior-design/interior-design-in-ibiza/,interior design agencies ibiza,0,9,0.0,50.44444444444444
https://studiorethinkibiza.com/interior-design/interior-design-in-ibiza/,interior design balearic islands,0,2,0.0,31.5
https://studiorethinkibiza.com/interior-design/interior-design-in-ibiza/,interior design designer ibiza,0,6,0.0,52.166666666666664
https://studiorethinkibiza.com/interior-design/interior-design-in-ibiza/,interior design firm ibiza,0,10,0.0,49.3
https://studiorethinkibiza.com/interior-design/interior-design-in-ibiza/,interior design ibiza,0,107,0.0,57.38317757009346
https://studiorethinkibiza.com/interior-design/interior-design-in-ibiza/,interior design services ibiza,0,12,0.0,49.083333333333336
https://studiorethinkibiza.com/interior-design/interior-design-in-ibiza/,interior designer architect ibiza,0,8,0.0,54.625
https://studiorethinkibiza.com/interior-design/interior-design-in-ibiza/,interior designer ibiza,0,24,0.0,56.375
https://studiorethinkibiza.com/interior-design/interior-design-in-ibiza/,interiorista ibiza,0,2,0.0,84.0
https://studiorethinkibiza.com/interior-design/interior-design-in-ibiza/,interioristas en ibiza,0,6,0.0,88.0
https://studiorethinkibiza.com/interior-design/interior-design-in-ibiza/,luxury interior design ibiza,0,9,0.0,36.22222222222222
https://studiorethinkibiza.com/interior-design/interior-design-in-ibiza/,luxury interior designer ibiza,0,9,0.0,33.666666666666664
https://studiorethinkibiza.com/interior-design/interior-design-in-ibiza/,residential interior design companies ibiza,0,7,0.0,47.857142857142854
https://studiorethinkibiza.com/interior-design/interior-design-in-ibiza/,studio rethink ibiza,0,7,0.0,1.4285714285714286
https://studiorethinkibiza.com/our-services/,studio rethink ibiza,0,13,0.0,1.2307692307692308
https://studiorethinkibiza.com/portfolio/,studio rethink ibiza,0,1,0.0,11.0
https://studiorethinkibiza.com/portfolio/bespoke-furniture/,bespoke millwork ibiza,0,10,0.0,49.3
https://studiorethinkibiza.com/portfolio/restaurant/,studio rethink ibiza,0,1,0.0,20.0
https://studiorethinkibiza.com/service/3d-printing/,large 3d printing services near me,0,2,0.0,8.0
https://studiorethinkibiza.com/service/3d-printing/,studio rethink ibiza,0,1,0.0,1.0
https://studiorethinkibiza.com/service/custom-furniture/,bespoke millwork ibiza,0,26,0.0,34.53846153846154
https://studiorethinkibiza.com/service/custom-furniture/,custom joinery ibiza,0,9,0.0,32.33333333333333
https://studiorethinkibiza.com/service/custom-furniture/,studio rethink ibiza,0,8,0.0,1.375
https://studiorethinkibiza.com/service/interior-design/,apartment interior designer ibiza,0,5,0.0,80.6
https://studiorethinkibiza.com/service/interior-design/,architectural interior design ibiza,0,4,0.0,72.75
https://studiorethinkibiza.com/service/interior-design/,architectural interior designer ibiza,0,5,0.0,75.2
https://studiorethinkibiza.com/service/interior-design/,bespoke millwork ibiza,0,5,0.0,88.2
https://studiorethinkibiza.com/service/interior-design/,best interior designer in ibiza,0,1,0.0,87.0
https://studiorethinkibiza.com/service/interior-design/,best interior designing firm in ibiza,0,1,0.0,85.0
https://studiorethinkibiza.com/service/interior-design/,boutique interior design firms ibiza,0,4,0.0,74.75
https://studiorethinkibiza.com/service/interior-design/,complete home interior design ibiza,0,6,0.0,66.0
https://studiorethinkibiza.com/service/interior-design/,complete home interior designer ibiza,0,7,0.0,65.57142857142857
https://studiorethinkibiza.com/service/interior-design/,design agency ibiza,0,1,0.0,71.0
https://studiorethinkibiza.com/service/interior-design/,design interior company ibiza,0,6,0.0,61.5
https://studiorethinkibiza.com/service/interior-design/,diseñador de interiores en ibiza,0,2,0.0,89.5
https://studiorethinkibiza.com/service/interior-design/,estudio creativo ibiza,0,15,0.0,80.0
https://studiorethinkibiza.com/service/interior-design/,estudio de interiorismo en ibiza,0,1,0.0,98.0
https://studiorethinkibiza.com/service/interior-design/,estudio de interiorismo ibiza,0,1,0.0,97.0
https://studiorethinkibiza.com/service/interior-design/,home interior design companies ibiza,0,5,0.0,57.6
https://studiorethinkibiza.com/service/interior-design/,hotel interior design companies ibiza,0,5,0.0,81.8
https://studiorethinkibiza.com/service/interior-design/,ibiza architect and interior designer,0,31,0.0,80.06451612903226
https://studiorethinkibiza.com/service/interior-design/,ibiza interior architect,0,29,0.0,69.58620689655173
https://studiorethinkibiza.com/service/interior-design/,ibiza interior design architect,0,30,0.0,69.66666666666667
https://studiorethinkibiza.com/service/interior-design/,ibiza interior design company,0,2,0.0,56.5
https://studiorethinkibiza.com/service/interior-design/,ibiza interior design studio,0,63,0.0,66.41269841269842
https://studiorethinkibiza.com/service/interior-design/,ibiza interior designer,0,4,0.0,76.0
https://studiorethinkibiza.com/service/interior-design/,interior design agencies ibiza,0,11,0.0,59.27272727272727
https://studiorethinkibiza.com/service/interior-design/,interior design designer ibiza,0,5,0.0,72.2
https://studiorethinkibiza.com/service/interior-design/,interior design firm ibiza,0,7,0.0,67.0
https://studiorethinkibiza.com/service/interior-design/,interior design ibiza,0,53,0.0,73.37735849056604
https://studiorethinkibiza.com/service/interior-design/,interior design services ibiza,0,9,0.0,50.0
https://studiorethinkibiza.com/service/interior-design/,interior designer architect ibiza,0,7,0.0,71.85714285714286
https://studiorethinkibiza.com/service/interior-design/,interior designer ibiza,0,23,0.0,70.73913043478261
https://studiorethinkibiza.com/service/interior-design/,luxury interior design ibiza,0,6,0.0,60.5
https://studiorethinkibiza.com/service/interior-design/,luxury interior designer ibiza,0,7,0.0,59.857142857142854
https://studiorethinkibiza.com/service/interior-design/,residential interior design companies ibiza,0,6,0.0,62.833333333333336
https://studiorethinkibiza.com/service/interior-design/,studio rethink ibiza,0,26,0.0,1.3461538461538463
https://studiorethinkibiza.com/uncategorized/sustainable-furniture-design-ideas-and-tips/,eco friendly furniture design,0,72,0.0,37.97222222222222
https://studiorethinkibiza.com/uncategorized/sustainable-furniture-design-ideas-and-tips/,eco-conscious furniture layouts,0,1,0.0,38.0
https://studiorethinkibiza.com/uncategorized/sustainable-furniture-design-ideas-and-tips/,eco-friendly furniture layouts,0,1,0.0,50.0
https://studiorethinkibiza.com/uncategorized/sustainable-furniture-design-ideas-and-tips/,sustainable furniture consultation,0,1,0.0,50.0
https://studiorethinkibiza.com/uncategorized/sustainable-furniture-design-ideas-and-tips/,sustainable furniture design,0,18,0.0,61.94444444444444
